,cdr3_col,seed,auc,acc
0,A,0,0.8850170844927892,0.8003290975797943
1,A,1,0.885901513954968,0.8024548474971263
2,A,2,0.8839348303361708,0.7976049884264726
3,A,3,0.8863375167752616,0.7999354401876958
4,A,4,0.8857390432362452,0.798053757853465
5,A,5,0.8848310284230916,0.7959595005275009
6,A,6,0.8851965041684334,0.7989827892988175
7,A,7,0.8862069187488606,0.8017147715999811
8,A,8,0.8889677056606733,0.8015573086431417
9,A,9,0.8873859983546528,0.7999196938920119
10,C,0,0.886720001604388,0.7995339096477554
11,C,1,0.889361639264424,0.8013919725384603
12,C,2,0.8837566196443827,0.7966759569811201
13,C,3,0.8873275922354642,0.7952824098130915
14,C,4,0.8870394140978203,0.8001795077707969
15,C,5,0.8906181999578264,0.8050529862849765
16,C,6,0.8892147736362364,0.8043601492748831
17,C,7,0.8887521581703841,0.801746264191349
18,C,8,0.8927093770527722,0.8071000047238887
19,C,9,0.8876787620024356,0.8017068984521392
20,D,0,0.8811301793279679,0.7896452359582409
21,D,1,0.8831558988483562,0.7983529374714599
22,D,2,0.8820366483228581,0.795951627379659
23,D,3,0.8906992163810219,0.8049900011022407
24,D,4,0.8892875184626445,0.804123954839624
25,D,5,0.8805693416101212,0.7957862912749776
26,D,6,0.8849062440296737,0.7993843198387579
27,D,7,0.8904869163612118,0.8056828381123341
28,D,8,0.8876854603829454,0.8012502558773049
29,D,9,0.8835798829905406,0.7926134126946636
30,E,0,0.8856680687430472,0.794628938542208
31,E,1,0.8853919209369665,0.8005574188672114
32,E,2,0.8888850271326214,0.7951564394476199
33,E,3,0.8892460254722054,0.8031161919158518
34,E,4,0.8854622774251887,0.8005731651628955
35,E,5,0.8867208226769967,0.7978569291574157
36,E,6,0.8870134021010293,0.7943376320720551
37,E,7,0.8906336507020838,0.8062733242004818
38,E,8,0.8873761566409113,0.7956367014659801
39,E,9,0.8853742034719518,0.7984631615412474
40,F,0,0.8848984307607493,0.7988017068984521
41,F,1,0.8832576218474931,0.7994236855779678
42,F,2,0.8828961075326416,0.7944950950288945
43,F,3,0.884064820523375,0.7954556190656148
44,F,4,0.8883358520426753,0.796723195868172
45,F,5,0.8857360180492008,0.799652006865385
46,F,6,0.8887727227973389,0.8039979844741525
47,F,7,0.8917981549363636,0.8072338482372022
48,F,8,0.890692165421545,0.8053442927551293
49,F,9,0.8837869923884195,0.7916213960665753
50,G,0,0.8858606247126195,0.7983214448800919
51,G,1,0.8857097258736243,0.7992032374383926
52,G,2,0.8850105885600474,0.7989906624466594
53,G,3,0.8828920048970025,0.7955815894310864
54,G,4,0.8849509321740224,0.7978490560095738
55,G,5,0.8856913215986667,0.7957705449792937
56,G,6,0.8882846524689707,0.8013762262427764
57,G,7,0.888219530984983,0.804131827987466
58,G,8,0.8918182294983898,0.8027225345237533
59,G,9,0.8840594688606284,0.797266443069268
60,H,0,0.8849171793084887,0.7984080495063536
61,H,1,0.8859472273553146,0.7912592312658447
62,H,2,0.885236889336914,0.8015966743823516
63,H,3,0.8868579466375843,0.8020296975136599
64,H,4,0.8868511301108875,0.8027382808194372
65,H,5,0.8818123764867003,0.7946210653943659
66,H,6,0.8903232512874366,0.8065646306706348
67,H,7,0.8861019182777994,0.799652006865385
68,H,8,0.8870794387530674,0.7873698962319114
69,H,9,0.8887463616928225,0.8042341789094115
70,I,0,0.8853487581553503,0.8011085392161494
71,I,1,0.8854432981638566,0.7962508069976538
72,I,2,0.8881060737016012,0.7949911033429385
73,I,3,0.8847442088277974,0.795668194057348
74,I,4,0.8865076374905813,0.8014313382776702
75,I,5,0.8867464797393352,0.80095107625931
76,I,6,0.8833234996902284,0.7976837199048924
77,I,7,0.8892318106139266,0.8028485048892248
78,I,8,0.8889014270135074,0.8043050372399893
79,I,9,0.8851996934956159,0.7998567087092762
80,K,0,0.8875859393907051,0.8031240650636937
81,K,1,0.8858483613119781,0.7970302486340088
82,K,2,0.8891516949779235,0.805163210354764
83,K,3,0.888658599283518,0.8040137307698364
84,K,4,0.88688642817482,0.7999590596312217
85,K,5,0.8865529812036986,0.7987544680114003
86,K,6,0.8888408584347819,0.802785519706489
87,K,7,0.8893108047909508,0.8039664918827846
88,K,8,0.8877851680783942,0.8003763364668461
89,K,9,0.8854856966524588,0.7998488355614342
90,L,0,0.8893132504046231,0.8055411214511786
91,L,1,0.8892950392794652,0.8025808178625978
92,L,2,0.8889219057272328,0.8052340686853418
93,L,3,0.8861761283400769,0.7941250570803219
94,L,4,0.8866113583132254,0.7951721857433038
95,L,5,0.883695142964063,0.7942589005936354
96,L,6,0.8853605002498885,0.7978962948966256
97,L,7,0.8847779987612323,0.7991717448470247
98,L,8,0.886741219692572,0.800683389232683
99,L,9,0.8878662273962179,0.802273765096761
100,M,0,0.8878856034948475,0.7986206244980868
101,M,1,0.8885566983832499,0.8035570881950022
102,M,2,0.8869806951949699,0.7984867809847733
103,M,3,0.8878683736153031,0.8005810383107373
104,M,4,0.8879768073922412,0.7977073393484183
105,M,5,0.8885632765100334,0.8034232446816887
106,M,6,0.8918537711690981,0.8075960130379328
107,M,7,0.887380596730822,0.8037066780039995
108,M,8,0.8919942226866675,0.8089738139102776
109,M,9,0.8847898774739219,0.7976679736092084
110,N,0,0.8868090277935766,0.8010534271812556
111,N,1,0.8848176015366537,0.7970774875210607
112,N,2,0.8834334471764452,0.7981797282189365
113,N,3,0.8882863101108022,0.8014470845733541
114,N,4,0.8890594270210096,0.803604327082054
115,N,5,0.8879001291532214,0.8026831687845435
116,N,6,0.8831409110189595,0.7971719652951643
117,N,7,0.8908458131119594,0.8068323176972617
118,N,8,0.8926410547121209,0.8065488843749508
119,N,9,0.8880356420857931,0.8012502558773049
120,P,0,0.8836181066912676,0.7984316689498795
121,P,1,0.8876096790879575,0.8032421622813233
122,P,2,0.8888047261571119,0.8050214936936085
123,P,3,0.8834363710776192,0.7970223754861668
124,P,4,0.8847900150838564,0.7978648023052577
125,P,5,0.8873532642985253,0.8032579085770073
126,P,6,0.8838312179898263,0.7995181633520714
127,P,7,0.8851479851370728,0.7984867809847733
128,P,8,0.8884253985461834,0.8029666021068543
129,P,9,0.8848749781847653,0.8012660021729888
130,Q,0,0.8846397954924565,0.7950225959343065
131,Q,1,0.8859296965935082,0.8004550679452659
132,Q,2,0.8854836178746388,0.7960146125623947
133,Q,3,0.8866260794768843,0.80043144850174
134,Q,4,0.8849276035709525,0.7987229754200325
135,Q,5,0.8865703163362469,0.8004550679452659
136,Q,6,0.8862943940368965,0.7931724061914435
137,Q,7,0.8879585744478506,0.8004708142409498
138,Q,8,0.885640732715536,0.7976915930527343
139,Q,9,0.886009521884947,0.7999826790747476
140,R,0,0.8875096274916457,0.8034547372730565
141,R,1,0.885889640325168,0.7994315587258097
142,R,2,0.8847831353309732,0.7984789078369313
143,R,3,0.8849951245506884,0.7976915930527343
144,R,4,0.8851206833260858,0.7930936747130237
145,R,5,0.8871086864429106,0.7969672634512731
146,R,6,0.8866800161245816,0.8009983151463618
147,R,7,0.8863116528021298,0.7987308485678745
148,R,8,0.8887606338265874,0.8046986946320878
149,R,9,0.8860909663866142,0.8002739855449006
150,S,0,0.8840787529713557,0.7980143921142551
151,S,1,0.8877998798201119,0.8024705937928103
152,S,2,0.8851736214959347,0.7976994662005763
153,S,3,0.884429784508528,0.7983214448800919
154,S,4,0.8814989384959339,0.7921331506763034
155,S,5,0.8883968279963957,0.803352386351111
156,S,6,0.8847638305167693,0.7990693939250791
157,S,7,0.8864412159026456,0.7997386114916466
158,S,8,0.8916658315789201,0.8075172815595131
159,S,9,0.8851483638743247,0.7970932338167446
160,T,0,0.8831454309474267,0.7977309587919442
161,T,1,0.885987728190524,0.7956445746138221
162,T,2,0.8834028691332632,0.7955579699875605
163,T,3,0.8856577059711487,0.8000062985182735
164,T,4,0.8822254357637943,0.7958650227533972
165,T,5,0.8877401959121,0.8032106696899555
166,T,6,0.8878837049736442,0.8021714141748154
167,T,7,0.8817934848742182,0.7960224857102367
168,T,8,0.8876412083753079,0.7983214448800919
169,T,9,0.8844796026520533,0.7968255467901176
170,V,0,0.8868929895652601,0.8020296975136599
171,V,1,0.8826179481420602,0.7943140126285292
172,V,2,0.8855756759454092,0.7999118207441699
173,V,3,0.887413940361767,0.7996598800132269
174,V,4,0.8847389206391828,0.7981088698883587
175,V,5,0.8870462114087155,0.8017147715999811
176,V,6,0.888248316751749,0.8038090289259452
177,V,7,0.8825625104303216,0.7959752468231849
178,V,8,0.8873840080934934,0.8001322688837451
179,V,9,0.8872226967694612,0.7971325995559545
180,W,0,0.8873970908311225,0.802793392854331
181,W,1,0.8858089948289308,0.8011242855118333
182,W,2,0.8860853486779945,0.7991402522556569
183,W,3,0.8849443616095864,0.7923221062245107
184,W,4,0.886099848921921,0.7999826790747476
185,W,5,0.8875853269645105,0.8015100697560898
186,W,6,0.8871528126180408,0.8019824586266081
187,W,7,0.8870467226730124,0.8002976049884265
188,W,8,0.8933729114530214,0.8095564268505834
189,W,9,0.886187180277404,0.7922040090068811
190,Y,0,0.8862638140101478,0.8025729447147558
191,Y,1,0.889810256328705,0.8045569779709323
192,Y,2,0.8873941434990679,0.8028799974805927
193,Y,3,0.8836581363054313,0.7965263671721228
194,Y,4,0.887383789777192,0.8024391012014424
195,Y,5,0.8879834784987103,0.8026674224888595
196,Y,6,0.8870459814389602,0.8002976049884265
197,Y,7,0.8862261923218905,0.7995260364999134
198,Y,8,0.8904217888025512,0.8056355992252823
199,Y,9,0.888933184782938,0.8002188735100068
200,charge,0,0.8858395126212768,0.7995417827955973
201,charge,1,0.8902834507752178,0.8048955233281371
202,charge,2,0.8914577791190854,0.8049506353630308
203,charge,3,0.8869046794672016,0.80147070401688
204,charge,4,0.8844226906544229,0.7992032374383926
205,charge,5,0.8911726426568835,0.8082967231958682
206,charge,6,0.8904877687989675,0.8062103390177461
207,charge,7,0.88869675851833,0.801754137339191
208,charge,8,0.8933804031362075,0.806478026044373
209,charge,9,0.8896541353786585,0.8029193632198025
210,hydrophobicity,0,0.8853944853166901,0.7997858503786984
211,hydrophobicity,1,0.8853506969677505,0.7994866707607036
212,hydrophobicity,2,0.8903628370785687,0.8005337994236856
213,hydrophobicity,3,0.8845328953844358,0.7976364810178406
214,hydrophobicity,4,0.8913830243198242,0.8083675815264459
215,hydrophobicity,5,0.888630815341869,0.8048719038846112
216,hydrophobicity,6,0.8917135790028647,0.805178956650448
217,hydrophobicity,7,0.8834803776188873,0.794888752420993
218,hydrophobicity,8,0.8921425163588502,0.8075015352638292
219,hydrophobicity,9,0.8858196867489159,0.7990142818901853
220,weight,0,0.8844603103591135,0.7977309587919442
221,weight,1,0.8901845376221741,0.8053128001637615
222,weight,2,0.8878817788064812,0.803856267812997
223,weight,3,0.8850974477027014,0.7971247264081125
224,weight,4,0.8866226179051829,0.7986363707937708
225,weight,5,0.887548629742272,0.8006125309021053
226,weight,6,0.8867683778189518,0.7958965153447651
227,weight,7,0.8893681504458341,0.804919142771663
228,weight,8,0.8905073845372397,0.8050293668414505
229,weight,9,0.8848952823446281,0.7951721857433038
230,sulfur,0,0.885748992434503,0.80043144850174
231,sulfur,1,0.881675860861201,0.7954398727699309
232,sulfur,2,0.8877282321539913,0.8009195836679421
233,sulfur,3,0.8878967340310017,0.7994787976128616
234,sulfur,4,0.8813646197944414,0.7928102413907129
235,sulfur,5,0.888321096786465,0.802817012297857
236,sulfur,6,0.8893214865451569,0.8002346198056907
237,sulfur,7,0.8913706763696556,0.8057300769993859
238,sulfur,8,0.8862761919617614,0.7983844300628277
239,sulfur,9,0.888857292656165,0.8041790668745178
240,aromatic,0,0.8872297474809925,0.8026044373061237
241,aromatic,1,0.8859675669714308,0.799085140220763
242,aromatic,2,0.8888446264675264,0.8000141716661155
243,aromatic,3,0.8867091766614666,0.7952981561087754
244,aromatic,4,0.8875707683293416,0.802006078070134
245,aromatic,5,0.8833218337422117,0.7952115514825138
246,aromatic,6,0.8889299719009018,0.8044625001968287
247,aromatic,7,0.8916093847276626,0.8081943722739225
248,aromatic,8,0.8900334674526119,0.802793392854331
249,aromatic,9,0.8884966346222297,0.8014943234604059
